Date,Open,High,Low,Close,Volume,Adj Close
2013-09-13,14.96,15.59,14.83,15.09,2821200,15.09
2013-09-12,14.95,15.53,14.60,15.49,3026000,15.49
2013-09-11,16.18,16.31,14.94,14.94,4611200,14.94
2013-09-10,16.37,16.50,16.00,16.00,3539100,16.00
2013-09-09,18.31,18.49,17.23,17.27,3638300,17.27
2013-09-06,17.93,19.58,17.76,18.61,3546700,18.61
2013-09-05,19.11,19.25,18.32,18.37,2276600,18.37
2013-09-04,19.26,19.51,18.94,19.17,3009400,19.17
2013-09-03,18.93,20.03,18.76,19.16,4483800,19.16
2013-08-30,19.98,21.47,19.96,20.67,3669500,20.67
2013-08-29,1.99,2.03,1.91,2.01,113500,2.01
2013-08-28,1.99,2.04,1.90,1.95,13282900,1.95
2013-08-27,1.86,1.98,1.80,1.96,23888100,1.96
2013-08-26,1.59,1.71,1.56,1.71,8640700,1.71
2013-08-23,1.64,1.68,1.61,1.62,5448700,1.62
2013-08-22,1.71,1.72,1.66,1.68,6123100,1.68
2013-08-21,1.74,1.83,1.63,1.75,19598300,1.75
2013-08-20,1.76,1.77,1.62,1.68,10369700,1.68
2013-08-19,1.67,1.75,1.65,1.72,8440100,1.72
2013-08-16,1.70,1.71,1.60,1.65,8878500,1.65
2013-08-15,1.65,1.71,1.64,1.69,15332300,1.69
2013-08-14,1.51,1.56,1.50,1.56,5952300,1.56
2013-08-13,1.53,1.60,1.49,1.51,6879000,1.51
2013-08-12,1.63,1.64,1.54,1.54,6315700,1.54
2013-08-09,1.54,1.60,1.51,1.57,6345300,1.57
2013-08-08,1.51,1.60,1.50,1.52,6172000,1.52
2013-08-07,1.61,1.66,1.56,1.57,9645600,1.57
2013-08-06,1.48,1.57,1.46,1.56,10109300,1.56
2013-08-05,1.51,1.51,1.45,1.45,5484100,1.45
2013-08-02,1.60,1.61,1.49,1.49,7998000,1.49
2013-08-01,1.62,1.63,1.59,1.59,7437300,1.59
2013-07-31,1.80,1.80,1.65,1.72,12264000,1.72
2013-07-30,1.84,1.87,1.79,1.80,5435900,1.80
2013-07-29,1.86,1.88,1.82,1.85,5051100,1.85
2013-07-26,1.88,1.92,1.81,1.82,7051100,1.82
2013-07-25,1.96,1.97,1.83,1.83,7566700,1.83
2013-07-24,1.84,1.94,1.84,1.91,8705600,1.91
2013-07-23,1.86,1.93,1.84,1.87,8565900,1.87
2013-07-22,1.98,2.00,1.88,1.89,8817700,1.89
2013-07-19,2.10,2.14,1.96,1.98,11678700,1.98
2013-07-18,2.11,2.11,2.02,2.05,9503000,2.05
2013-07-17,2.22,2.25,2.12,2.12,9105200,2.12
2013-07-16,2.16,2.31,2.16,2.26,7866600,2.26
2013-07-15,2.23,2.27,2.14,2.16,8213400,2.16
2013-07-12,2.22,2.30,2.19,2.26,6782800,2.26
2013-07-11,2.22,2.27,2.19,2.21,9845100,2.21
2013-07-10,2.41,2.42,2.34,2.36,11925900,2.36
2013-07-09,2.37,2.43,2.33,2.41,16320600,2.41
2013-07-08,2.58,2.60,2.46,2.48,14986500,2.48
2013-07-05,2.83,2.92,2.69,2.69,15641500,2.69
2013-07-03,3.11,3.13,2.94,2.97,7921800,2.97
2013-07-02,3.01,3.11,2.89,3.03,9449000,3.03
2013-07-01,3.05,3.06,2.84,2.95,12302400,2.95
2013-06-28,3.27,3.33,3.04,3.12,13275100,3.12
2013-06-27,3.27,3.33,3.17,3.17,10910200,3.17
2013-06-26,3.42,3.55,3.40,3.43,12186300,3.43
2013-06-25,3.57,3.72,3.55,3.60,13064400,3.60
2013-06-24,3.77,3.90,3.58,3.80,25665700,3.80
2013-06-21,3.44,3.81,3.36,3.42,23963900,3.42
2013-06-20,3.24,3.85,3.20,3.66,31769000,3.66
2013-06-19,3.08,3.11,2.76,3.00,20066500,3.00
2013-06-18,3.09,3.12,3.02,3.03,8988800,3.03
2013-06-17,3.06,3.21,3.02,3.09,9470000,3.09
2013-06-14,3.10,3.24,2.95,3.21,14067000,3.21
2013-06-13,3.38,3.45,3.03,3.08,14227800,3.08
2013-06-12,2.88,3.42,2.87,3.34,16834100,3.34
2013-06-11,2.92,3.06,2.81,3.01,13104400,3.01
2013-06-10,2.69,2.78,2.68,2.71,6456000,2.71
2013-06-07,2.85,2.94,2.74,2.75,11349600,2.75
2013-06-06,3.12,3.39,3.01,3.01,13837600,3.01
2013-06-05,2.96,3.08,2.90,3.06,10585400,3.06
2013-06-04,2.83,3.00,2.78,2.85,7724500,2.85
2013-06-03,2.76,3.05,2.76,2.80,13959100,2.80
2013-05-31,2.69,2.79,2.62,2.79,6244300,2.79
2013-05-30,2.66,2.69,2.60,2.64,4075400,2.64
2013-05-29,2.64,2.74,2.60,2.64,6346600,2.64
2013-05-28,2.55,2.64,2.53,2.57,6037000,2.57
2013-05-24,2.78,2.80,2.68,2.68,6219200,2.68
2013-05-23,2.90,2.93,2.68,2.71,11601700,2.71
2013-05-22,2.56,2.75,2.54,2.67,8868400,2.67
2013-05-21,2.57,2.63,2.53,2.61,6164100,2.61
2013-05-20,2.58,2.58,2.51,2.58,4724000,2.58
2013-05-17,2.62,2.64,2.51,2.52,7075300,2.52
2013-05-16,2.65,2.71,2.60,2.66,4052700,2.66
2013-05-15,2.64,2.65,2.57,2.62,3595500,2.62
2013-05-14,2.60,2.63,2.56,2.58,3803400,2.58
2013-05-13,2.65,2.70,2.61,2.61,3640000,2.61
2013-05-10,2.70,2.76,2.63,2.65,5022500,2.65
2013-05-09,2.64,2.77,2.60,2.68,7216900,2.68
2013-05-08,2.63,2.69,2.59,2.60,4756500,2.60
2013-05-07,2.54,2.65,2.53,2.58,4888700,2.58
2013-05-06,2.73,2.73,2.60,2.65,5871400,2.65
2013-05-03,2.74,2.76,2.70,2.74,7189300,2.74
2013-05-02,2.88,2.92,2.81,2.84,6468100,2.84
2013-05-01,2.86,3.00,2.84,2.99,7030900,2.99
2013-04-30,2.87,2.93,2.80,2.80,4265400,2.80
2013-04-29,2.82,2.89,2.78,2.85,3800200,2.85
2013-04-26,2.95,2.99,2.87,2.87,6253800,2.87
2013-04-25,2.80,2.92,2.77,2.87,5586300,2.87
2013-04-24,2.86,2.91,2.77,2.86,5671500,2.86
2013-04-23,2.96,3.21,2.81,2.85,13193000,2.85
2013-04-22,3.26,3.45,3.06,3.15,8878200,3.15
2013-04-19,3.66,3.70,3.19,3.26,7197100,3.26
2013-04-18,3.46,3.89,3.44,3.71,14771800,3.71
2013-04-17,3.06,3.63,3.06,3.42,16387100,3.42
2013-04-16,3.05,3.18,2.86,2.88,9391900,2.88
2013-04-15,2.92,3.54,2.82,3.37,19938100,3.37
2013-04-12,3.07,3.10,2.87,2.88,7330000,2.88
2013-04-11,3.01,3.03,2.91,2.98,6381300,2.98
2013-04-10,3.13,3.16,3.01,3.04,7839000,3.04
2013-04-09,3.22,3.30,3.13,3.19,5498500,3.19
2013-04-08,3.42,3.50,3.27,3.29,5359600,3.29
2013-04-05,3.79,3.79,3.42,3.46,9246300,3.46
2013-04-04,3.51,3.68,3.42,3.45,6667800,3.45
2013-04-03,3.32,3.57,3.29,3.50,8840200,3.50
2013-04-02,3.46,3.46,3.31,3.31,6224800,3.31
2013-04-01,3.50,3.58,3.48,3.52,3596400,3.52
2013-03-28,3.51,3.55,3.47,3.51,3664300,3.51
2013-03-27,3.65,3.67,3.50,3.51,6630200,3.51
2013-03-26,3.60,3.64,3.47,3.51,8167600,3.51
2013-03-25,3.61,3.88,3.54,3.70,11116700,3.70
2013-03-22,3.74,3.86,3.69,3.77,11585800,3.77
2013-03-21,3.84,3.91,3.70,3.81,11569200,3.81
2013-03-20,3.89,3.91,3.65,3.69,15920200,3.69
2013-03-19,3.99,4.44,3.94,4.03,25932900,4.03
2013-03-18,4.30,4.31,3.98,4.22,16443600,4.22
2013-03-15,3.95,4.06,3.86,3.92,8911400,3.92
2013-03-14,3.91,4.00,3.87,3.91,10256300,3.91
2013-03-13,3.99,4.13,3.91,4.00,10075400,4.00
2013-03-12,3.91,4.20,3.84,4.01,12059600,4.01
2013-03-11,4.16,4.19,3.87,3.90,15289800,3.90
2013-03-08,4.12,4.35,4.08,4.15,10709600,4.15
2013-03-07,4.34,4.42,4.22,4.23,9035700,4.23
2013-03-06,4.20,4.53,4.20,4.38,8503300,4.38
2013-03-05,4.28,4.41,4.22,4.30,11279100,4.30
2013-03-04,5.21,5.28,4.59,4.62,12919000,4.62
2013-03-01,5.38,5.60,4.92,5.08,18210800,5.08
2013-02-28,4.70,4.94,4.55,4.90,12770600,4.90
2013-02-27,5.43,5.55,4.55,4.69,13593100,4.69
2013-02-26,5.50,6.17,5.20,5.39,31471900,5.39
2013-02-25,4.25,5.76,4.13,5.65,17762000,5.65
2013-02-22,4.61,4.77,4.50,4.52,5077300,4.52
2013-02-21,4.70,5.15,4.65,4.78,15617000,4.78
2013-02-20,4.06,4.71,4.03,4.65,8610200,4.65
2013-02-19,4.32,4.33,4.00,4.03,5724700,4.03
2013-02-15,4.40,4.56,4.33,4.39,3883100,4.39
2013-02-14,4.65,4.69,4.42,4.45,4199500,4.45
2013-02-13,4.51,4.69,4.44,4.56,5237000,4.56
2013-02-12,4.67,4.70,4.47,4.56,4291100,4.56
2013-02-11,4.77,4.86,4.61,4.67,4343300,4.67
2013-02-08,4.95,4.96,4.78,4.81,5966100,4.81
2013-02-07,4.92,5.35,4.89,5.00,6399800,5.00
2013-02-06,5.26,5.26,5.02,5.04,3718900,5.04
2013-02-05,5.26,5.28,4.90,5.07,4493500,5.07
2013-02-04,5.11,5.45,5.01,5.45,5071000,5.45
2013-02-01,4.98,4.98,4.78,4.90,4695000,4.90
2013-01-31,5.38,5.48,5.14,5.34,3678100,5.34
2013-01-30,4.93,5.34,4.85,5.34,4330800,5.34
2013-01-29,5.28,5.28,4.70,4.76,5894100,4.76
2013-01-28,4.80,5.16,4.77,5.06,2793400,5.06
2013-01-25,4.80,5.00,4.68,4.80,4159300,4.80
2013-01-24,4.77,5.25,4.61,4.78,6325900,4.78
2013-01-23,4.96,4.96,4.65,4.69,3858800,4.69
2013-01-22,5.33,5.45,5.00,5.02,3010800,5.02
2013-01-18,5.88,5.95,5.25,5.28,5061900,5.28
2013-01-17,5.80,5.96,5.75,5.95,2574500,5.95
2013-01-16,6.23,6.27,5.87,5.95,3790500,5.95
2013-01-15,6.43,6.49,6.18,6.27,2781900,6.27
2013-01-14,6.56,6.62,6.27,6.31,2328300,6.31
2013-01-11,6.66,6.77,6.53,6.56,2433300,6.56
2013-01-10,6.64,6.85,6.60,6.64,2953600,6.64
2013-01-09,6.70,6.97,6.64,6.85,2854900,6.85
2013-01-08,6.99,7.18,6.87,6.90,3193100,6.90
2013-01-07,7.31,7.35,7.00,7.08,2988200,7.08
2013-01-04,7.29,7.37,6.95,7.03,3693300,7.03
2013-01-03,7.41,7.55,7.04,7.35,4343600,7.35
2013-01-02,7.66,8.08,7.35,7.39,5227200,7.39
2012-12-31,12.53,12.78,9.10,9.34,7435800,9.34
2012-12-28,11.80,12.29,11.23,12.09,4986000,12.09
2012-12-27,11.00,12.52,10.80,11.13,5226600,11.13
2012-12-26,10.20,11.01,10.15,10.98,1725700,10.98
2012-12-24,9.94,10.14,9.82,9.83,479000,9.83
2012-12-21,10.42,10.54,9.92,10.16,2015800,10.16
2012-12-20,0.88,0.91,0.85,0.90,48700,9.00
2012-12-19,0.77,0.87,0.77,0.86,434100,8.60
2012-12-18,0.83,0.84,0.78,0.79,461500,7.90
2012-12-17,0.89,0.91,0.86,0.86,256400,8.60
2012-12-14,0.90,0.92,0.89,0.90,222800,9.00
2012-12-13,0.87,0.92,0.84,0.88,385800,8.80
2012-12-12,0.82,0.86,0.80,0.85,420100,8.50
2012-12-11,0.85,0.86,0.82,0.83,459700,8.30
2012-12-10,0.88,0.90,0.86,0.88,268400,8.80
2012-12-07,0.90,0.93,0.86,0.87,435700,8.70
2012-12-06,0.89,0.93,0.89,0.91,256600,9.10
2012-12-05,0.93,0.97,0.89,0.90,496800,9.00
2012-12-04,0.91,0.95,0.89,0.94,740800,9.40
2012-12-03,0.83,0.91,0.82,0.90,526500,9.00
2012-11-30,0.82,0.90,0.82,0.87,544100,8.70
2012-11-29,0.84,0.89,0.83,0.86,496400,8.60
2012-11-28,0.95,0.99,0.87,0.87,691900,8.70
2012-11-27,0.88,0.93,0.85,0.93,900500,9.30
2012-11-26,0.98,0.98,0.87,0.90,1568000,9.00
2012-11-23,0.99,1.00,0.95,0.95,735400,9.50
2012-11-21,1.04,1.04,0.99,1.04,1023400,10.40
2012-11-20,1.06,1.08,1.04,1.05,935800,10.50
2012-11-19,1.21,1.22,1.08,1.08,2008300,10.80
2012-11-16,1.37,1.45,1.28,1.28,1374500,12.80
2012-11-15,1.37,1.46,1.33,1.39,1465900,13.90
2012-11-14,1.25,1.42,1.25,1.34,1742200,13.40
2012-11-13,1.37,1.38,1.28,1.33,1523700,13.30
2012-11-12,1.41,1.43,1.30,1.32,1200700,13.20
2012-11-09,1.51,1.52,1.40,1.47,1250500,14.70
2012-11-08,1.46,1.50,1.40,1.47,831000,14.70
2012-11-07,1.37,1.51,1.35,1.46,2226500,14.60
2012-11-06,1.38,1.40,1.27,1.31,1306100,13.10
2012-11-05,1.40,1.46,1.37,1.40,1076900,14.00
2012-11-02,1.33,1.38,1.30,1.38,1284900,13.80
2012-11-01,1.51,1.51,1.36,1.37,1065900,13.70
2012-10-31,1.46,1.57,1.45,1.52,767100,15.20
2012-10-26,1.52,1.56,1.46,1.50,1288800,15.00
2012-10-25,1.50,1.58,1.48,1.52,831100,15.20
2012-10-24,1.51,1.60,1.50,1.59,1332700,15.90
2012-10-23,1.52,1.61,1.50,1.55,2146100,15.50
2012-10-22,1.40,1.48,1.37,1.37,1114500,13.70
2012-10-19,1.31,1.45,1.30,1.40,2252900,14.00
2012-10-18,1.31,1.32,1.25,1.28,700700,12.80
2012-10-17,1.31,1.33,1.28,1.30,786400,13.00
2012-10-16,1.34,1.35,1.30,1.31,1011200,13.10
2012-10-15,1.44,1.48,1.36,1.37,740100,13.70
2012-10-12,1.41,1.48,1.37,1.46,595900,14.60
2012-10-11,1.44,1.46,1.40,1.43,735900,14.30
2012-10-10,1.48,1.53,1.46,1.48,716800,14.80
2012-10-09,1.42,1.52,1.40,1.50,751600,15.00
2012-10-08,1.42,1.43,1.38,1.39,442400,13.90
2012-10-05,1.35,1.40,1.29,1.39,1420200,13.90
2012-10-04,1.44,1.48,1.41,1.43,652400,14.30
2012-10-03,1.51,1.55,1.44,1.47,711800,14.70
2012-10-02,1.51,1.58,1.48,1.51,721700,15.10
2012-10-01,1.46,1.55,1.37,1.53,1018000,15.30
2012-09-28,1.52,1.55,1.46,1.52,942800,15.20
2012-09-27,1.61,1.68,1.44,1.46,1658900,14.60
2012-09-26,1.65,1.77,1.62,1.70,1975300,17.00
2012-09-25,1.38,1.59,1.36,1.59,1241400,15.90
2012-09-24,1.48,1.49,1.38,1.39,751100,13.90
2012-09-21,1.46,1.48,1.40,1.44,777000,14.40
2012-09-20,1.52,1.55,1.46,1.47,654800,14.70
2012-09-19,1.44,1.50,1.41,1.46,803500,14.60
2012-09-18,1.58,1.61,1.45,1.49,803200,14.90
2012-09-17,1.64,1.67,1.54,1.55,1007200,15.50
2012-09-14,1.45,1.61,1.41,1.59,1469900,15.90
2012-09-13,1.76,1.81,1.51,1.52,1943600,15.20
2012-09-12,1.79,1.87,1.75,1.77,713500,17.70
2012-09-11,1.88,1.92,1.78,1.84,2039300,18.40
2012-09-10,1.80,1.93,1.71,1.92,794800,19.20
2012-09-07,1.96,1.98,1.73,1.75,1747900,17.50
2012-09-06,2.39,2.40,2.00,2.01,2168600,20.10
2012-09-05,2.54,2.55,2.42,2.46,703200,24.60
2012-09-04,2.65,2.70,2.53,2.54,646000,25.40
2012-08-31,2.71,2.79,2.58,2.61,840500,26.10
2012-08-30,2.75,2.80,2.69,2.76,846600,27.60
2012-08-29,2.64,2.66,2.56,2.66,561500,26.60
2012-08-28,2.64,2.65,2.56,2.65,398100,26.50
2012-08-27,2.50,2.59,2.46,2.58,587600,25.80
2012-08-24,2.75,2.78,2.50,2.54,902400,25.40
2012-08-23,2.67,2.77,2.65,2.71,949300,27.10
2012-08-22,2.70,2.74,2.58,2.61,1090700,26.10
2012-08-21,2.48,2.65,2.40,2.62,1364400,26.20
2012-08-20,2.55,2.63,2.49,2.51,911600,25.10
2012-08-17,2.58,2.63,2.46,2.51,877200,25.10
2012-08-16,2.68,2.75,2.59,2.62,558000,26.20
2012-08-15,2.69,2.72,2.59,2.70,430700,27.00
2012-08-14,2.51,2.69,2.45,2.68,865600,26.80
2012-08-13,2.61,2.63,2.46,2.47,923200,24.70
2012-08-10,2.73,2.76,2.58,2.61,512000,26.10
2012-08-09,2.76,2.78,2.64,2.66,556400,26.60
2012-08-08,2.89,2.94,2.69,2.72,694000,27.20
2012-08-07,2.70,2.92,2.67,2.92,1016500,29.20
2012-08-06,2.88,2.90,2.77,2.82,671900,28.20
2012-08-03,3.17,3.19,3.00,3.01,1079700,30.10
2012-08-02,3.64,3.71,3.35,3.35,1001700,33.50
2012-08-01,3.50,3.65,3.41,3.47,812900,34.70
2012-07-31,3.58,3.65,3.45,3.60,615100,36.00
2012-07-30,3.31,3.50,3.25,3.45,844200,34.50
2012-07-27,3.33,3.46,3.28,3.36,826600,33.60
2012-07-26,3.62,3.79,3.52,3.53,931500,35.30
2012-07-25,4.06,4.40,3.95,4.09,1026600,40.90
2012-07-24,3.90,4.35,3.85,4.15,1464800,41.50
2012-07-23,3.94,4.18,3.80,3.90,1361000,39.00
2012-07-20,3.35,3.54,3.26,3.43,635800,34.30
2012-07-19,3.20,3.35,3.15,3.17,595000,31.70
2012-07-18,3.22,3.30,3.12,3.23,554400,32.30
2012-07-17,3.34,3.53,3.15,3.21,1024600,32.10
2012-07-16,3.60,3.68,3.40,3.45,722800,34.50
2012-07-13,3.91,3.93,3.61,3.62,1062400,36.20
2012-07-12,4.11,4.25,3.90,3.99,913200,39.90
2012-07-11,4.20,4.28,3.88,3.93,843500,39.30
2012-07-10,3.91,4.33,3.83,4.19,932400,41.90
2012-07-09,4.09,4.21,3.99,4.06,709300,40.60
2012-07-06,4.46,4.47,4.11,4.17,726600,41.70
2012-07-05,4.10,4.34,4.08,4.21,1074300,42.10
2012-07-03,4.16,4.18,3.85,4.06,790200,40.60
2012-07-02,4.80,4.85,4.17,4.22,1239800,42.20
2012-06-29,5.02,5.07,4.88,4.91,1103100,49.10
2012-06-28,5.90,6.02,5.45,5.48,1075700,54.80
2012-06-27,5.65,5.79,5.51,5.73,886600,57.30
2012-06-26,5.74,6.12,5.61,5.72,1111900,57.20
2012-06-25,5.99,6.23,5.84,5.97,1339200,59.70
2012-06-22,6.20,6.30,5.38,5.51,1497500,55.10
2012-06-21,5.95,6.45,5.81,6.43,2091500,64.30
2012-06-20,6.18,6.45,5.85,5.85,2655800,58.50
2012-06-19,6.08,6.31,6.07,6.18,1439900,61.80
2012-06-18,7.08,7.27,6.39,6.41,2364600,64.10
2012-06-15,7.52,7.77,7.00,7.19,1557400,71.90
2012-06-14,8.51,8.74,7.75,7.76,2111300,77.60
2012-06-13,8.23,8.80,7.81,8.52,1802900,85.20
2012-06-12,8.04,8.53,7.79,7.86,2040500,78.60
2012-06-11,6.80,8.23,6.72,8.11,1876700,81.10
2012-06-08,8.08,8.18,7.23,7.26,1568900,72.60
2012-06-07,7.45,8.05,7.35,7.95,1843700,79.50
2012-06-06,8.75,8.92,8.07,8.09,1627900,80.90
2012-06-05,9.89,9.90,9.14,9.32,1275600,93.20
2012-06-04,10.11,10.77,9.63,9.74,1887800,97.40
2012-06-01,10.34,10.48,9.83,10.36,2635400,103.60
2012-05-31,9.00,9.82,8.46,9.11,2348600,91.10
2012-05-30,8.37,8.82,8.32,8.80,1428900,88.00
2012-05-29,8.35,8.56,7.93,8.00,1325400,80.00
2012-05-25,8.84,9.02,8.68,8.72,1035400,87.20
2012-05-24,8.56,9.45,8.39,8.80,1891000,88.00
2012-05-23,9.67,10.04,8.48,8.69,2228500,86.90
2012-05-22,8.41,9.64,7.70,9.10,1890400,91.00
2012-05-21,10.62,10.98,8.61,8.72,1997700,87.20
2012-05-18,9.43,11.18,9.36,10.80,2015800,108.00
2012-05-17,8.80,9.62,8.57,9.53,1786000,95.30
2012-05-16,8.12,8.95,7.90,8.86,1329000,88.60
2012-05-15,7.69,8.37,7.41,8.28,1340000,82.80
2012-05-14,7.47,7.65,7.28,7.61,1175200,76.10
2012-05-11,7.21,7.25,6.72,7.01,832100,70.10
2012-05-10,6.86,7.02,6.70,6.88,670700,68.80
2012-05-09,7.33,7.49,6.85,7.15,1382000,71.50
2012-05-08,6.93,7.48,6.66,6.72,1342500,67.20
2012-05-07,7.31,7.32,6.54,6.66,766700,66.60
2012-05-04,6.50,7.08,6.49,6.91,1118200,69.10
2012-05-03,6.10,6.58,6.06,6.40,698500,64.00
2012-05-02,6.53,6.65,6.15,6.20,771200,62.00
2012-05-01,6.57,6.63,6.20,6.32,695600,63.20
2012-04-30,6.69,6.79,6.60,6.68,421500,66.80
2012-04-27,6.56,6.83,6.50,6.58,678800,65.80
2012-04-26,7.02,7.08,6.44,6.53,862000,65.30
2012-04-25,7.33,7.34,6.92,6.97,924200,69.70
2012-04-24,7.83,7.92,7.65,7.66,452400,76.60
2012-04-23,8.15,8.35,7.85,7.87,1217400,78.70
2012-04-20,7.85,7.85,7.51,7.62,793600,76.20
2012-04-19,7.90,8.32,7.64,8.03,1177800,80.30
2012-04-18,8.03,8.12,7.70,7.87,798100,78.70
2012-04-17,8.01,8.13,7.62,7.87,1098600,78.70
2012-04-16,8.13,8.99,8.00,8.41,1196700,84.10
2012-04-13,8.10,8.66,8.09,8.53,1041000,85.30
2012-04-12,9.34,9.38,7.98,8.02,1383300,80.20
2012-04-11,8.82,9.48,8.76,9.41,1137600,94.10
2012-04-10,8.56,9.77,8.36,9.67,2210800,96.70
2012-04-09,8.61,8.61,8.01,8.45,917600,84.50
2012-04-05,7.85,7.87,7.45,7.69,594700,76.90
2012-04-04,7.77,8.16,7.40,7.45,1427400,74.50
2012-04-03,7.10,7.58,7.06,7.22,1033500,72.20
2012-04-02,7.48,7.50,6.85,7.04,807600,70.40
2012-03-30,6.97,7.65,6.90,7.23,1054100,72.30
2012-03-29,8.00,8.03,7.19,7.31,1637300,73.10
2012-03-28,7.17,8.34,6.84,7.20,3349000,72.00
2012-03-27,6.05,7.07,6.01,6.97,1912000,69.70
2012-03-26,6.56,6.75,5.84,5.88,1526600,58.80
2012-03-23,8.22,8.69,7.10,7.16,2926900,71.60
2012-03-22,14.78,14.81,9.70,10.20,3020000,102.00
2012-03-21,14.99,15.06,14.28,14.43,659400,144.30
2012-03-20,15.52,15.74,14.97,15.13,618500,151.30
2012-03-19,14.93,15.25,14.75,15.07,657700,150.70
2012-03-16,14.25,14.84,14.20,14.81,697900,148.10
2012-03-15,14.26,14.52,14.11,14.19,555500,141.90
2012-03-14,13.59,14.48,13.56,14.07,994100,140.70
2012-03-13,13.65,14.03,13.50,13.72,1305500,137.20
2012-03-12,14.79,14.82,14.03,14.03,1125800,140.30
2012-03-09,14.92,15.07,14.45,14.89,1033200,148.90
2012-03-08,15.73,15.85,15.03,15.12,942000,151.20
2012-03-07,16.83,16.91,16.14,16.18,806600,161.80
2012-03-06,17.59,17.64,16.97,17.08,1899400,170.80
2012-03-05,16.47,16.77,16.32,16.36,910700,163.60
2012-03-02,16.42,16.56,16.13,16.22,872700,162.20
2012-03-01,16.55,16.79,16.21,16.29,934200,162.90
2012-02-29,16.53,17.00,16.20,16.72,1553300,167.20
2012-02-28,17.00,17.03,16.50,16.60,1047300,166.00
2012-02-27,17.35,17.50,16.15,16.69,1408900,166.90
2012-02-24,16.05,17.10,15.62,16.66,1462000,166.60
2012-02-23,17.04,17.33,16.00,16.00,1882000,160.00
2012-02-22,17.66,17.86,16.90,16.90,2167100,169.00
2012-02-21,16.67,17.56,16.60,17.01,2804700,170.10
2012-02-17,16.94,17.97,16.66,17.05,2997700,170.50
2012-02-16,20.00,20.69,17.41,17.60,3807600,176.00
2012-02-15,17.46,19.36,17.46,19.08,4233600,190.80
2012-02-14,16.67,19.19,16.61,17.19,3653100,171.90
2012-02-13,17.02,17.58,16.17,16.19,2028400,161.90
2012-02-10,18.00,21.10,17.68,19.05,2981800,190.50
2012-02-09,14.97,16.32,14.74,16.28,1457200,162.80
2012-02-08,14.16,15.00,14.02,14.82,1001300,148.20
2012-02-07,14.01,14.55,13.87,14.18,1055200,141.80
2012-02-06,14.53,14.59,13.90,13.93,876600,139.30
2012-02-03,14.63,14.97,14.25,14.26,1683200,142.60
2012-02-02,16.38,16.57,15.94,15.94,1280600,159.40
2012-02-01,17.14,17.48,16.47,16.94,1110000,169.40
2012-01-31,17.16,18.30,16.98,17.96,846000,179.60
2012-01-30,18.16,18.44,17.47,17.95,816200,179.50
2012-01-27,18.22,18.26,16.80,16.90,1018200,169.00
2012-01-26,16.95,18.23,16.82,17.68,1257500,176.80
2012-01-25,19.31,19.77,17.54,17.72,989100,177.20
2012-01-24,20.13,20.24,19.12,19.30,723900,193.00
2012-01-23,20.15,20.40,18.90,19.10,1262200,191.00
2012-01-20,21.70,21.96,20.09,20.20,828900,202.00
2012-01-19,22.08,22.65,21.37,21.50,712000,215.00
2012-01-18,24.18,24.74,22.65,22.76,665200,227.60
2012-01-17,23.21,24.81,22.50,24.44,722400,244.40
2012-01-13,24.65,26.32,24.63,24.83,727400,248.30
2012-01-12,24.09,25.90,23.55,23.58,507100,235.80
2012-01-11,24.00,24.49,23.78,24.34,325600,243.40
2012-01-10,23.11,23.84,22.61,23.54,363900,235.40
2012-01-09,24.87,25.32,24.26,24.62,319400,246.20
2012-01-06,25.84,26.82,24.80,25.30,377700,253.00
2012-01-05,28.15,28.70,26.09,26.16,350900,261.60
2012-01-04,29.32,29.88,27.33,27.40,303800,274.00
2012-01-03,28.83,29.39,28.05,28.51,255300,285.10
2011-12-30,30.78,31.98,30.56,31.95,158200,319.50
2011-12-29,31.90,32.00,30.75,30.81,155200,308.10
2011-12-28,29.66,32.69,29.54,32.40,293700,324.00
2011-12-27,30.34,30.57,29.31,30.00,173600,300.00
2011-12-23,28.59,30.98,28.19,30.50,221800,305.00
2011-12-22,27.67,29.71,26.58,29.07,290100,290.70
2011-12-21,32.79,33.84,29.01,29.03,327600,290.30
2011-12-20,34.79,34.89,33.00,33.46,217900,334.60
2011-12-19,38.21,38.88,36.58,38.19,321000,381.90
2011-12-16,36.84,40.00,36.79,39.11,254700,391.10
2011-12-15,39.50,40.61,38.35,39.36,230800,393.60
2011-12-14,42.42,44.55,41.25,42.65,391400,426.50
2011-12-13,41.13,44.17,39.24,42.50,437600,425.00
2011-12-12,44.23,45.92,42.76,42.76,281000,427.60
2011-12-09,48.09,48.40,42.50,42.67,321300,426.70
2011-12-08,47.94,50.24,47.04,49.46,389400,494.60
2011-12-07,43.89,47.40,43.74,45.23,409200,452.30
2011-12-06,43.18,43.71,41.57,42.75,294300,427.50
2011-12-05,39.56,44.15,39.56,43.07,411300,430.70
2011-12-02,41.01,43.50,39.50,43.41,346700,434.10
2011-12-01,45.90,46.16,42.81,43.48,248800,434.80
2011-11-30,48.06,48.84,45.21,45.53,304300,455.30
2011-11-29,56.60,57.94,54.27,55.27,276400,552.70
2011-11-28,55.23,58.95,54.02,57.60,272400,576.00
2011-11-25,62.51,64.22,60.06,63.98,159600,639.80
2011-11-23,59.73,62.49,59.00,62.21,389100,622.10
2011-11-22,60.58,61.44,56.72,57.00,314700,570.00
2011-11-21,64.08,64.63,58.72,59.64,501000,596.40
2011-11-18,58.96,62.37,58.04,58.50,455100,585.00
2011-11-17,57.93,64.74,56.48,62.31,700200,623.10
2011-11-16,55.13,57.70,51.29,57.13,507300,571.30
2011-11-15,55.12,55.90,50.82,51.98,398200,519.80
2011-11-14,52.13,54.92,51.76,53.06,360800,530.60
2011-11-11,51.04,51.38,49.20,50.50,289500,505.00
2011-11-10,55.76,62.25,54.83,55.08,597400,550.80
2011-11-09,53.00,63.86,51.91,63.24,682300,632.40
2011-11-08,49.35,52.40,45.90,46.04,381800,460.40
2011-11-07,52.09,54.99,50.65,50.75,290600,507.50
2011-11-04,52.38,55.47,50.02,52.00,373400,520.00
2011-11-03,51.99,58.70,49.30,49.67,476900,496.70
2011-11-02,54.32,59.00,53.73,54.81,426900,548.10
2011-11-01,59.04,61.60,54.76,57.22,769600,572.20
2011-10-31,40.70,45.40,40.12,45.40,454000,454.00
2011-10-28,39.43,40.09,36.77,37.25,327300,372.50
2011-10-27,41.00,43.45,37.11,38.00,518500,380.00
2011-10-26,51.93,60.00,51.05,51.33,504200,513.30
2011-10-25,51.03,57.10,51.03,56.25,433300,562.50
2011-10-24,55.45,55.45,49.55,49.64,266000,496.40
2011-10-21,58.79,61.00,56.43,56.65,323200,566.50
2011-10-20,63.69,69.10,61.92,63.65,521800,636.50
2011-10-19,54.78,64.83,53.55,62.58,371700,625.80
2011-10-18,60.07,64.49,51.22,55.21,497300,552.10
2011-10-17,50.30,60.66,50.23,60.04,331100,600.40
2011-10-14,51.56,54.18,49.51,49.89,205000,498.90
2011-10-13,57.60,61.09,56.04,56.27,249300,562.70
2011-10-12,60.78,61.26,54.25,56.48,299500,564.80
2011-10-11,68.45,68.63,64.36,65.11,93900,651.10
2011-10-10,71.94,72.12,67.00,67.00,95400,670.00
2011-10-07,72.46,80.92,72.38,77.90,276700,779.00
2011-10-06,78.43,81.60,75.23,75.60,154700,756.00
2011-10-05,83.94,87.37,77.56,78.01,173200,780.10
2011-10-04,105.87,109.17,85.39,86.81,440000,868.10
2011-10-03,93.36,101.34,88.51,100.90,362400,1009.00
2011-09-30,84.50,90.00,81.33,89.43,278400,894.30
2011-09-29,75.76,86.05,74.00,78.18,281800,781.80
2011-09-28,70.43,81.38,69.00,81.15,204900,811.50
2011-09-27,68.06,73.45,65.53,72.12,138200,721.20
2011-09-26,77.21,83.50,74.40,74.70,189000,747.00
2011-09-23,80.16,82.80,76.87,80.14,220900,801.40
2011-09-22,76.67,83.27,72.96,78.70,486800,787.00
2011-09-21,58.34,65.50,57.00,65.50,320800,655.00
2011-09-20,58.15,59.60,54.90,59.14,270600,591.40
2011-09-19,60.62,62.84,57.84,59.05,265000,590.50
2011-09-16,56.99,59.59,55.02,55.51,211500,555.10
2011-09-15,61.29,62.59,57.71,57.71,169900,577.10
2011-09-14,66.20,71.28,61.25,64.16,245400,641.60
2011-09-13,68.14,72.27,67.35,67.89,306800,678.90
2011-09-12,74.12,77.65,68.54,69.25,321900,692.50
2011-09-09,60.37,69.34,59.63,67.83,275000,678.30
2011-09-08,56.85,57.74,53.30,57.04,135300,570.40
2011-09-07,56.01,57.35,54.82,55.32,98000,553.20
2011-09-06,66.57,66.94,59.31,59.58,271100,595.80
2011-09-02,56.05,57.34,54.50,56.21,277000,562.10
2011-09-01,49.54,51.17,46.92,51.13,221600,511.30
2011-08-31,48.59,51.00,46.65,49.80,300600,498.00
2011-08-30,50.22,52.32,48.33,49.66,185600,496.60
2011-08-29,51.37,51.77,48.49,48.49,146200,484.90
2011-08-26,61.54,63.89,53.55,55.54,389000,555.40
2011-08-25,52.18,60.12,50.76,57.38,340300,573.80
2011-08-24,57.44,58.57,51.86,55.11,267600,551.10
2011-08-23,63.37,66.30,56.86,57.41,253400,574.10
2011-08-22,53.11,65.24,52.78,63.67,365800,636.70
2011-08-19,61.39,61.56,53.00,59.94,753300,599.40
2011-08-18,45.40,56.46,45.40,54.05,739000,540.50
2011-08-17,35.90,39.22,35.25,38.39,350700,383.90
2011-08-16,37.12,39.42,35.67,36.93,309100,369.30
2011-08-15,37.38,38.58,35.36,35.36,238900,353.60
2011-08-12,36.62,40.09,35.61,39.74,272400,397.40
2011-08-11,41.09,43.39,36.96,39.09,470500,390.90
2011-08-10,37.16,43.00,36.31,42.36,457100,423.60
2011-08-09,40.27,47.15,34.59,34.59,701200,345.90
2011-08-08,40.58,46.25,37.83,44.26,893500,442.60
2011-08-05,28.44,40.65,27.36,34.42,894500,344.20
2011-08-04,24.14,31.30,23.76,31.29,908100,312.90
2011-08-03,22.28,24.42,21.51,22.25,608200,222.50
2011-08-02,20.69,22.15,19.70,22.09,385900,220.90
2011-08-01,18.90,22.12,18.76,19.38,419700,193.80
2011-07-29,23.34,24.10,20.93,21.16,687300,211.60
2011-07-28,21.21,22.29,19.75,21.95,600600,219.50
2011-07-27,19.50,21.27,19.47,21.00,518700,210.00
2011-07-26,18.17,19.12,18.00,18.83,344900,188.30
2011-07-25,17.82,18.13,17.25,18.00,377100,180.00
2011-07-22,16.69,17.30,16.45,16.75,192800,167.50
2011-07-21,18.00,18.26,16.93,16.96,351900,169.60
2011-07-20,19.01,19.81,18.88,19.00,165100,190.00
2011-07-19,21.01,21.14,19.63,19.81,243100,198.10
2011-07-18,21.87,22.78,21.81,21.98,329600,219.80
2011-07-15,21.04,22.65,20.50,21.01,519700,210.10
2011-07-14,19.56,22.55,19.55,21.57,456100,215.70
2011-07-13,19.22,20.50,18.11,20.08,258700,200.80
2011-07-12,19.93,20.12,18.33,20.06,394400,200.60
2011-07-11,18.08,19.25,17.61,19.16,353000,191.60
2011-07-08,17.20,17.20,16.36,16.37,241200,163.70
2011-07-07,15.78,16.11,15.65,15.98,274100,159.80
2011-07-06,16.84,17.51,16.57,16.96,250200,169.60
2011-07-05,16.20,16.66,15.99,16.46,222900,164.60
2011-07-01,17.47,17.60,16.06,16.28,408500,162.80
2011-06-30,18.59,18.66,17.33,17.72,454800,177.20
2011-06-29,20.31,20.73,19.25,19.33,311400,193.30
2011-06-28,22.72,23.05,21.40,21.44,181800,214.40
2011-06-27,24.17,24.80,23.03,23.30,154700,233.00
2011-06-24,21.95,24.29,21.65,24.05,197700,240.50
2011-06-23,24.83,25.45,22.23,22.25,307300,222.50
2011-06-22,21.47,22.40,20.53,22.31,182100,223.10
2011-06-21,22.03,22.30,20.77,21.85,212600,218.50
2011-06-20,26.09,26.36,23.33,23.44,158400,234.40
2011-06-17,25.05,26.98,24.44,25.65,223500,256.50
2011-06-16,25.05,28.99,24.27,26.66,317400,266.60
2011-06-15,22.09,24.33,21.76,24.14,348000,241.40
2011-06-14,20.84,20.86,20.13,20.66,127100,206.60
2011-06-13,21.14,22.94,20.65,22.06,123800,220.60
2011-06-10,20.18,21.75,19.99,21.34,179400,213.40
2011-06-09,20.65,20.80,19.63,19.92,137900,199.20
2011-06-08,20.66,21.51,20.23,21.33,164100,213.30
2011-06-07,20.38,20.67,19.60,20.59,174200,205.90
2011-06-06,20.43,21.65,19.93,21.14,165500,211.40
2011-06-03,22.22,22.22,19.93,20.45,244700,204.50
2011-06-02,20.29,21.76,19.95,20.42,159200,204.20
2011-06-01,18.89,20.98,18.70,20.97,252000,209.70
2011-05-31,18.35,19.12,18.26,18.64,130600,186.40
2011-05-27,19.82,20.01,19.19,19.72,140800,197.20
2011-05-26,21.55,21.83,20.35,20.46,136000,204.60
2011-05-25,22.69,22.76,20.94,21.39,185000,213.90
2011-05-24,22.24,22.71,21.70,22.65,118000,226.50
2011-05-23,23.46,23.74,22.18,22.74,208100,227.40
2011-05-20,20.95,22.22,20.38,21.33,175500,213.30
2011-05-19,21.32,21.93,20.82,20.86,126500,208.60
2011-05-18,22.90,23.50,21.62,21.88,150600,218.80
2011-05-17,24.62,25.29,23.00,23.13,217900,231.30
2011-05-16,23.50,24.03,22.11,24.03,149600,240.30
2011-05-13,22.15,23.75,22.11,23.07,131600,230.70
2011-05-12,23.72,24.40,22.06,22.53,120000,225.30
2011-05-11,22.26,24.28,22.22,23.00,143800,230.00
2011-05-10,23.39,23.67,22.00,22.21,164300,222.10
2011-05-09,25.64,25.73,23.75,23.85,69600,238.50
2011-05-06,24.16,27.13,23.32,25.59,171700,255.90
2011-05-05,27.00,27.19,24.64,26.68,190900,266.80
2011-05-04,24.76,26.85,24.60,25.19,149000,251.90
2011-05-03,23.80,25.76,23.80,24.63,130700,246.30
2011-05-02,21.93,24.05,21.87,23.65,115400,236.50
2011-04-29,22.22,22.71,22.18,22.36,53900,223.60
2011-04-28,23.38,23.47,22.01,22.28,154400,222.80
2011-04-27,23.55,25.45,22.83,22.84,105300,228.40
2011-04-26,23.95,24.28,22.85,23.49,110000,234.90
2011-04-25,25.50,25.89,24.48,24.53,64200,245.30
2011-04-21,26.22,27.17,25.68,25.71,191300,257.10
2011-04-20,27.51,27.87,26.94,27.38,111000,273.80
2011-04-19,32.33,32.50,29.75,29.87,139400,298.70
2011-04-18,34.41,35.90,32.83,33.14,216100,331.40
2011-04-15,32.84,33.60,31.41,31.70,137100,317.00
2011-04-14,35.21,35.61,32.95,33.26,93700,332.60
2011-04-13,34.06,35.45,33.72,33.84,76600,338.40
2011-04-12,35.85,36.47,34.44,34.94,104200,349.40
2011-04-11,34.51,35.43,33.62,34.40,94500,344.00
2011-04-08,33.07,35.99,32.65,35.03,116400,350.30
2011-04-07,33.55,35.35,33.09,33.88,133400,338.80
2011-04-06,32.87,34.54,32.60,33.38,73300,333.80
2011-04-05,35.38,35.45,33.37,33.65,93600,336.50
2011-04-04,34.94,35.92,34.47,34.95,47300,349.50
2011-04-01,34.72,36.36,34.00,35.63,76600,356.30
2011-03-31,37.06,37.39,36.03,36.29,87800,362.90
2011-03-30,36.85,37.32,35.97,36.50,73700,365.00
2011-03-29,39.47,40.92,37.80,37.80,78300,378.00
2011-03-28,38.25,39.88,37.34,39.69,75200,396.90
2011-03-25,37.84,39.06,36.81,38.89,55000,388.90
2011-03-24,38.57,40.32,38.10,38.89,51500,388.90
2011-03-23,45.26,46.74,40.77,41.12,51600,411.20
2011-03-22,43.94,45.49,43.49,44.55,31600,445.50
2011-03-21,48.60,49.01,44.75,44.99,38500,449.90
2011-03-18,51.73,54.74,51.24,52.99,26000,529.90
2011-03-17,53.67,57.59,53.12,56.59,38200,565.90
2011-03-16,51.85,64.72,51.72,60.19,85600,601.90
2011-03-15,57.94,58.00,49.92,51.62,51200,516.20
2011-03-14,49.50,50.27,47.21,47.46,33700,474.60
2011-03-11,50.80,51.24,46.00,46.57,35400,465.70
2011-03-10,48.10,49.96,46.94,49.31,43500,493.10
2011-03-09,44.25,47.10,43.94,44.63,42100,446.30
2011-03-08,45.21,47.63,42.87,43.42,43400,434.20
2011-03-07,42.59,48.16,41.16,45.40,64900,454.00
2011-03-04,40.83,44.88,40.33,42.96,40200,429.60
2011-03-03,41.63,42.62,40.75,41.07,27000,410.70
2011-03-02,45.61,46.81,42.75,45.65,40800,456.50
2011-03-01,38.74,45.63,38.68,45.57,39900,455.70
2011-02-28,41.24,41.47,39.18,39.73,27000,397.30
2011-02-25,46.74,50.28,43.20,43.40,38200,434.00
2011-02-24,50.96,53.66,48.75,49.78,21800,497.80
2011-02-23,46.82,54.00,45.78,50.76,38500,507.60
2011-02-22,41.98,47.34,40.27,46.66,36200,466.60
2011-02-18,36.51,38.33,36.50,37.52,7600,375.20
2011-02-17,36.40,37.32,36.24,36.85,8700,368.50
2011-02-16,34.20,36.06,33.56,35.90,11700,359.00
2011-02-15,34.84,35.34,34.45,35.16,10400,351.60
2011-02-14,34.82,35.34,34.21,34.29,7400,342.90
2011-02-11,36.83,36.90,34.75,34.90,13200,349.00
2011-02-10,37.89,38.02,35.83,36.16,13800,361.60
2011-02-09,36.70,37.74,35.85,36.26,32500,362.60
2011-02-08,37.01,38.07,35.56,35.95,26700,359.50
2011-02-07,37.26,37.26,36.00,36.94,11800,369.40
2011-02-04,39.79,40.55,37.90,38.13,10900,381.30
2011-02-03,41.45,43.45,39.80,40.00,7400,400.00
2011-02-02,42.40,42.40,40.00,41.21,5400,412.10
2011-02-01,43.34,43.65,40.50,41.45,10100,414.50
2011-01-31,44.80,46.56,44.47,45.64,4800,456.40
2011-01-28,39.42,47.33,38.32,46.11,15900,461.10
2011-01-27,41.08,41.96,39.50,39.60,3300,396.00
2011-01-26,43.01,43.71,40.84,41.34,6700,413.40
2011-01-25,45.62,47.37,43.93,44.00,5400,440.00
2011-01-24,47.20,47.98,44.43,45.11,3100,451.10
2011-01-21,43.43,47.40,43.35,47.25,6800,472.50
2011-01-20,47.59,49.60,45.80,46.23,4300,462.30
2011-01-19,42.99,48.60,42.82,46.85,8500,468.50
2011-01-18,45.25,45.30,42.09,42.28,4800,422.80
2011-01-14,49.85,49.85,44.38,45.30,9700,453.00
2011-01-13,50.42,51.60,49.50,49.78,2300,497.80
2011-01-12,54.00,54.00,50.40,50.77,2900,507.70
2011-01-11,57.19,58.08,55.41,55.41,3500,554.10
2011-01-10,61.00,63.00,58.41,58.95,2000,589.50
2011-01-07,58.00,62.38,56.18,59.23,5200,592.30
2011-01-06,58.13,60.00,57.51,58.94,2000,589.40
2011-01-05,62.44,62.49,57.98,58.62,2600,586.20
2011-01-04,60.65,64.37,59.99,59.99,2700,599.90
2011-01-03,62.55,62.55,59.66,60.50,3700,605.00
2010-12-31,66.09,66.85,64.51,64.72,1600,647.20
2010-12-30,67.62,67.89,65.45,65.86,1700,658.60
2010-12-29,68.44,68.66,66.97,67.01,1000,670.10
2010-12-28,67.21,69.97,67.21,69.13,900,691.30
2010-12-27,66.56,69.31,66.56,67.68,1300,676.80
2010-12-23,61.80,66.64,61.50,64.91,2800,649.10
2010-12-22,60.50,61.70,60.32,61.29,6500,612.90
2010-12-21,62.30,62.75,61.26,61.70,1600,617.00
2010-12-20,65.87,67.32,63.41,64.00,2200,640.00
2010-12-17,70.24,70.54,66.44,67.31,2800,673.10
2010-12-16,72.10,73.15,69.79,71.58,400,715.80
2010-12-15,69.20,72.80,67.85,72.80,900,728.00
2010-12-14,68.38,70.40,67.93,69.50,300,695.00
2010-12-13,65.20,69.00,65.20,68.75,1800,687.50
2010-12-10,66.62,66.90,65.45,66.35,500,663.50
2010-12-09,66.76,69.48,66.76,67.49,800,674.90
2010-12-08,73.72,75.90,70.00,70.92,1900,709.20
2010-12-07,75.00,75.00,70.10,74.13,1800,741.30
2010-12-06,79.77,80.00,74.62,75.69,800,756.90
2010-12-03,88.36,88.36,78.12,78.78,300,787.80
2010-12-02,98.31,98.31,86.50,86.59,800,865.90
2010-12-01,99.98,100.69,98.80,100.69,1300,1006.90
2010-11-30,106.27,112.35,104.39,112.35,4800,1123.50
